merchant_id,transaction_count,total_amount
27092,589140,53158515.640115425
60569,301657,18900001.407501925
39021,440281,15725396.27014795
61195,562410,12013083.648693418
73186,105351,11664813.06845782
20561,202639,8995659.099213347
59935,610053,8937586.068794386
50783,298231,7717215.21057282
22204,347511,7385156.100053592
75781,273351,6692820.159934787
